{"count":31,"results":[{"id":1,"type":"challenge","location":"d2fc660e2b56dee06e3783e1ff067dff/networking.pcap","challenge_id":1,"page_id":null},{"id":2,"type":"challenge","location":"d3bb5852853780eecc1a991fdaff396c/data.pcap","challenge_id":2,"page_id":null},{"id":3,"type":"challenge","location":"b2c1e446fa0f3d5e09dea4a10f86c447/halp.pcapng","challenge_id":3,"page_id":null},{"id":4,"type":"challenge","location":"c3c6dbce1261d4ce4a5a83fc0d0a1cfb/kuiper.pcap","challenge_id":4,"page_id":null},{"id":5,"type":"challenge","location":"4e6f78ab79abeb7736f5e53f7300c256/exfil.tar.xz","challenge_id":5,"page_id":null},{"id":6,"type":"page","location":"32d164ee0daf6f4bad66f379af6ee5d8/logo.png","challenge_id":null,"page_id":null},{"id":7,"type":"challenge","location":"687e560b3dcbce8e9dbcaef41c1bc3ac/ws1_2.pcapng","challenge_id":6,"page_id":null},{"id":8,"type":"challenge","location":"33fe93571b7c80355a4f383b3b0922eb/networkingOK.pcap","challenge_id":7,"page_id":null},{"id":9,"type":"challenge","location":"259701a43062d775620243c10b041afb/data3.pcap","challenge_id":8,"page_id":null},{"id":10,"type":"challenge","location":"8d0118e5eb6a5f019404a3b43474fd7f/capture.pcap","challenge_id":9,"page_id":null},{"id":11,"type":"challenge","location":"10225d716a83095d5ac6930f0083958d/dump.pcap","challenge_id":10,"page_id":null},{"id":12,"type":"challenge","location":"768c90aa349447ed3de67781a2070b21/flag.zip","challenge_id":10,"page_id":null},{"id":13,"type":"challenge","location":"6bf24f142f3391169c859343264aed8b/ciphertext.txt","challenge_id":16,"page_id":null},{"id":14,"type":"challenge","location":"9e77de98c006909afa1fc6963248b4fc/ciphertext","challenge_id":18,"page_id":null},{"id":15,"type":"challenge","location":"f485a3f7e3be87f518537c544efe5c72/black_hole.jpg","challenge_id":21,"page_id":null},{"id":16,"type":"challenge","location":"5044d806eaf4305d36b7afbe07e1dda8/img.jpg","challenge_id":22,"page_id":null},{"id":17,"type":"challenge","location":"30f2f837e1fbe7b9276cee0f12bd479a/flag","challenge_id":23,"page_id":null},{"id":18,"type":"challenge","location":"0549c8013f01469b207345f6c9ef788a/PurpleThing.png","challenge_id":24,"page_id":null},{"id":19,"type":"challenge","location":"5383f123c888fcc947dbb5cdf89f33c6/img.png","challenge_id":25,"page_id":null},{"id":20,"type":"challenge","location":"4dd78f7b4ea0a0153dcb85d2d46dc102/misc50.zip","challenge_id":27,"page_id":null},{"id":21,"type":"challenge","location":"a5a35c9696c8cc7f2c4342bea2e19315/zero_one.txt","challenge_id":28,"page_id":null},{"id":22,"type":"challenge","location":"9631fde22f2a4c24f792dc3d16631198/ciphertxt.txt","challenge_id":30,"page_id":null},{"id":23,"type":"challenge","location":"d0de92ddb91c40171be8420b24cec28b/encrypted.txt","challenge_id":35,"page_id":null},{"id":24,"type":"challenge","location":"7fa35baf93d2e6e7d3e115d68d56d826/chapter1.docx","challenge_id":36,"page_id":null},{"id":25,"type":"challenge","location":"8bad7ac7b5124719c3207d5c1404265b/carter.jpg","challenge_id":37,"page_id":null},{"id":26,"type":"challenge","location":"d501e367e2bb26538661cb4485e5e1bf/just_open_it.jpg","challenge_id":38,"page_id":null},{"id":27,"type":"challenge","location":"cfc927f89b77a38a791fe70bd75eef76/chal.png","challenge_id":39,"page_id":null},{"id":28,"type":"challenge","location":"ed4b8701398ae46307729aaba43ce02d/buildings.png","challenge_id":40,"page_id":null},{"id":29,"type":"page","location":"760b930bca93cc1ff6a324b5f551fbba/logo1.png","challenge_id":null,"page_id":null},{"id":30,"type":"page","location":"9d89c445f8f0c548c9d643ca6292e0cf/logo2.png","challenge_id":null,"page_id":null},{"id":31,"type":"standard","location":"0f78a3e744398d78dea52fcff4aab972/logo.jpg","challenge_id":null,"page_id":null}],"meta":{}}