{"count":41,"results":[{"id":1,"oauth_id":null,"name":"ksu","password":"$bcrypt-sha256$2b,12$5mR0L/prBg2DTzCEoJpdgu$A4I9nXFjmyfXjnou8JVtwg8l8Z6PMbK","email":"admin@lab.ksu.edu.tw","type":"admin","secret":null,"website":null,"affiliation":null,"country":null,"bracket":null,"hidden":1,"banned":0,"verified":0,"team_id":null,"created":"2020-09-19T07:03:54"},{"id":63,"oauth_id":null,"name":"ISIP01","password":"$bcrypt-sha256$2b,12$5t2u4KSkCazvzG6QMnk.Zu$Zt0XZ3.22ooeEVFVZGw2m8iA9y7pWQK","email":"isip01@ctf.com","type":"user","secret":null,"website":null,"affiliation":null,"country":null,"bracket":null,"hidden":0,"banned":0,"verified":0,"team_id":null,"created":"2021-12-03T09:39:28"},{"id":64,"oauth_id":null,"name":"ISIP02","password":"$bcrypt-sha256$2b,12$Dnk/qrg8xp.iJp4ET47xVe$McOxaeKdNMF4TGO5ajEY5eCUAPsjR1y","email":"isip02@ctf.com","type":"user","secret":null,"website":null,"affiliation":null,"country":null,"bracket":null,"hidden":0,"banned":0,"verified":0,"team_id":null,"created":"2021-12-03T09:42:02"},{"id":65,"oauth_id":null,"name":"ISIP03","password":"$bcrypt-sha256$2b,12$xGyJ.7C7TSLC60LvS5Iede$e2z1gdhKoXRwznGc68YaFWvtP8LuWE.","email":"isip03@ctf.com","type":"user","secret":null,"website":null,"affiliation":null,"country":null,"bracket":null,"hidden":0,"banned":0,"verified":0,"team_id":null,"created":"2021-12-03T09:42:56"},{"id":66,"oauth_id":null,"name":"ISIP04","password":"$bcrypt-sha256$2b,12$.hK5zu9GEDBf6dp86ltsju$UkNr9F0YjFmQSf3AwlH1Y04w8njogHK","email":"isip04@ctf.com","type":"user","secret":null,"website":null,"affiliation":null,"country":null,"bracket":null,"hidden":0,"banned":0,"verified":0,"team_id":null,"created":"2021-12-03T09:43:56"},{"id":67,"oauth_id":null,"name":"ISIP05","password":"$bcrypt-sha256$2b,12$fdy4Ou41ZBCKxg5a8vRE2O$es8Fkb.iConMDT9fPDULPclQ9AWUNGK","email":"isip05@ctf.com","type":"user","secret":null,"website":null,"affiliation":null,"country":null,"bracket":null,"hidden":0,"banned":0,"verified":0,"team_id":null,"created":"2021-12-03T09:45:17"},{"id":68,"oauth_id":null,"name":"ISIP06","password":"$bcrypt-sha256$2b,12$3DRBKKoC.nn5Pv/evguGWu$h05lB0jKqfbPpNv9kr2cUtepAiHp65u","email":"isip06@ctf.com","type":"user","secret":null,"website":null,"affiliation":null,"country":null,"bracket":null,"hidden":0,"banned":0,"verified":0,"team_id":null,"created":"2021-12-03T09:46:32"},{"id":69,"oauth_id":null,"name":"ISIP07","password":"$bcrypt-sha256$2b,12$MWJVP.4ZE3URoTt.H7wbEe$/19LTnHN0r3Mcumqjg5NfS1svdwvGte","email":"isip07@ctf.com","type":"user","secret":null,"website":null,"affiliation":null,"country":null,"bracket":null,"hidden":0,"banned":0,"verified":0,"team_id":null,"created":"2021-12-03T09:47:15"},{"id":70,"oauth_id":null,"name":"ISIP08","password":"$bcrypt-sha256$2b,12$8N.7oK8QQAbTkulTpjg3d.$/cIe0w4hpLxkPPa7HkDNUX7b/4fuzYa","email":"isip08@ctf.com","type":"user","secret":null,"website":null,"affiliation":null,"country":null,"bracket":null,"hidden":0,"banned":0,"verified":0,"team_id":null,"created":"2021-12-03T09:48:22"},{"id":71,"oauth_id":null,"name":"ISIP09","password":"$bcrypt-sha256$2b,12$bZnlehSujat.DiVBjish9e$y40OIP2EJiVBKEwU1mtidmDPdFZSCua","email":"isip09@ctf.com","type":"user","secret":null,"website":null,"affiliation":null,"country":null,"bracket":null,"hidden":0,"banned":0,"verified":0,"team_id":null,"created":"2021-12-03T09:49:22"},{"id":72,"oauth_id":null,"name":"ISIP10","password":"$bcrypt-sha256$2b,12$jCybQ8fRg2IcPy90ZQPv5O$co18jZr6DD.7uKsIkqlY2IX.Lx4trB6","email":"isip10@ctf.com","type":"user","secret":null,"website":null,"affiliation":null,"country":null,"bracket":null,"hidden":0,"banned":0,"verified":0,"team_id":null,"created":"2021-12-03T09:50:03"},{"id":73,"oauth_id":null,"name":"ISIP11","password":"$bcrypt-sha256$2b,12$CID29EjLqeLTi75ma.XYn.$yipHtanoFVcnEVRAa1PHDMBzahE0ywS","email":"isip11@ctf.com","type":"user","secret":null,"website":null,"affiliation":null,"country":null,"bracket":null,"hidden":0,"banned":0,"verified":0,"team_id":null,"created":"2021-12-03T09:50:45"},{"id":74,"oauth_id":null,"name":"ISIP12","password":"$bcrypt-sha256$2b,12$AWFe8du5iP2K6XL/49x/YO$jgxumSaZzGojP9XifPOJNbh5i7bjL7q","email":"isip12@ctf.com","type":"user","secret":null,"website":null,"affiliation":null,"country":null,"bracket":null,"hidden":0,"banned":0,"verified":0,"team_id":null,"created":"2021-12-03T09:51:20"},{"id":75,"oauth_id":null,"name":"ISIP13","password":"$bcrypt-sha256$2b,12$ygkeGGIrIgJopH/sKdKp7O$yq0aM0zMhhVh3XntjEhP0XZ7kcTxVea","email":"isip13@ctf.com","type":"user","secret":null,"website":null,"affiliation":null,"country":null,"bracket":null,"hidden":0,"banned":0,"verified":0,"team_id":null,"created":"2021-12-03T09:51:57"},{"id":76,"oauth_id":null,"name":"ISIP14","password":"$bcrypt-sha256$2b,12$x7Rj9uVhnx9t8LuJLxTgY.$7SL7cg/YqUONmJmqBS4EOduJ8ddj4Q.","email":"isip14@ctf.com","type":"user","secret":null,"website":null,"affiliation":null,"country":null,"bracket":null,"hidden":0,"banned":0,"verified":0,"team_id":null,"created":"2021-12-03T09:52:38"},{"id":77,"oauth_id":null,"name":"ISIP15","password":"$bcrypt-sha256$2b,12$VjLUCTYAX.wY6DwieJSko.$.ZoTByg7tQmxeqWhIBjlDjYzQ3pxjaW","email":"isip15@ctf.com","type":"user","secret":null,"website":null,"affiliation":null,"country":null,"bracket":null,"hidden":0,"banned":0,"verified":0,"team_id":null,"created":"2021-12-03T09:53:19"},{"id":78,"oauth_id":null,"name":"ISIP16","password":"$bcrypt-sha256$2b,12$NA2eXBQ9G1IYv2q0pJ83te$6eFKZNWjEn/hcbg/08jLaTmCgkkolg2","email":"isip16@ctf.com","type":"user","secret":null,"website":null,"affiliation":null,"country":null,"bracket":null,"hidden":0,"banned":0,"verified":0,"team_id":null,"created":"2021-12-03T09:53:59"},{"id":79,"oauth_id":null,"name":"ISIP17","password":"$bcrypt-sha256$2b,12$AbNdBF0z8SEkzefGUchNk.$/opsSZG/jA.C..SSmfPFSAFBO8Jwoz2","email":"isip17@ctf.com","type":"user","secret":null,"website":null,"affiliation":null,"country":null,"bracket":null,"hidden":0,"banned":0,"verified":0,"team_id":null,"created":"2021-12-03T09:54:32"},{"id":80,"oauth_id":null,"name":"ISIP18","password":"$bcrypt-sha256$2b,12$ukAKgBEqGunbQEFN/CiHe.$wdplNmXReG4lOdz9GK83cFSc3iumlo.","email":"isip18@ctf.com","type":"user","secret":null,"website":null,"affiliation":null,"country":null,"bracket":null,"hidden":0,"banned":0,"verified":0,"team_id":null,"created":"2021-12-03T09:55:12"},{"id":81,"oauth_id":null,"name":"ISIP19","password":"$bcrypt-sha256$2b,12$sxrLM6SjUcGnQgX2GdBpFe$s3xlqpNCWhg7hDZ/IZgjylfk37Enl0C","email":"isip19@ctf.com","type":"user","secret":null,"website":null,"affiliation":null,"country":null,"bracket":null,"hidden":0,"banned":0,"verified":0,"team_id":null,"created":"2021-12-03T09:55:44"},{"id":82,"oauth_id":null,"name":"ISIP20","password":"$bcrypt-sha256$2b,12$k.suDs20sXkRR5SlLqtDkO$5SETcUIlq3TYvitMr6eaIe.6Q.gXpFe","email":"isip20@ctf.com","type":"user","secret":null,"website":null,"affiliation":null,"country":null,"bracket":null,"hidden":0,"banned":0,"verified":0,"team_id":null,"created":"2021-12-03T09:56:18"},{"id":83,"oauth_id":null,"name":"ISIP21","password":"$bcrypt-sha256$2b,12$ctJJWDr3haU.SYI7PvFiQO$igsYrbon2Hsub/p2BiImm7SsMUchJ5e","email":"isip21@ctf.com","type":"user","secret":null,"website":null,"affiliation":null,"country":null,"bracket":null,"hidden":0,"banned":0,"verified":0,"team_id":null,"created":"2021-12-03T09:57:20"},{"id":84,"oauth_id":null,"name":"ISIP22","password":"$bcrypt-sha256$2b,12$JmYgubM5.qGQrd4euAk1ve$Sttqowuvtv4Dvwa86.gp4hXtYtbkbPW","email":"isip22@ctf.com","type":"user","secret":null,"website":null,"affiliation":null,"country":null,"bracket":null,"hidden":0,"banned":0,"verified":0,"team_id":null,"created":"2021-12-03T09:57:53"},{"id":85,"oauth_id":null,"name":"ISIP23","password":"$bcrypt-sha256$2b,12$uboLymbqmYOO4RL/g/H/B.$WYLL.Dtg88lnqjbYHcJFp5YsEw63kQq","email":"isip23@ctf.com","type":"user","secret":null,"website":null,"affiliation":null,"country":null,"bracket":null,"hidden":0,"banned":0,"verified":0,"team_id":null,"created":"2021-12-03T09:58:29"},{"id":86,"oauth_id":null,"name":"ISIP24","password":"$bcrypt-sha256$2b,12$4enl7pL1MRhgAzpbcrbltO$kdtPfZ3KB0ZejaiKoN8gkwhsLLRDH1i","email":"isip24@ctf.com","type":"user","secret":null,"website":null,"affiliation":null,"country":null,"bracket":null,"hidden":0,"banned":0,"verified":0,"team_id":null,"created":"2021-12-03T09:59:13"},{"id":87,"oauth_id":null,"name":"ISIP25","password":"$bcrypt-sha256$2b,12$w4K12dltWpz1j653egnKre$JYuFfP3/9aki4sippPb.Sxd44cAygsa","email":"isip25@ctf.com","type":"user","secret":null,"website":null,"affiliation":null,"country":null,"bracket":null,"hidden":0,"banned":0,"verified":0,"team_id":null,"created":"2021-12-03T09:59:59"},{"id":88,"oauth_id":null,"name":"ISIP26","password":"$bcrypt-sha256$2b,12$aId7nbUsb3jeSU3/jwtR6.$AFkrL3F1rfUdDyjqzGc7gjIit.wkJvm","email":"isip26@ctf.com","type":"user","secret":null,"website":null,"affiliation":null,"country":null,"bracket":null,"hidden":0,"banned":0,"verified":0,"team_id":null,"created":"2021-12-03T10:00:37"},{"id":89,"oauth_id":null,"name":"ISIP27","password":"$bcrypt-sha256$2b,12$EZflqlHy7Sli4bkK/Q/Ybu$T9HlFNu5BhG8TExmg0Eds7pCQ5vv/NO","email":"isip27@ctf.com","type":"user","secret":null,"website":null,"affiliation":null,"country":null,"bracket":null,"hidden":0,"banned":0,"verified":0,"team_id":null,"created":"2021-12-03T10:01:12"},{"id":90,"oauth_id":null,"name":"ISIP28","password":"$bcrypt-sha256$2b,12$M6R3gQe46yPuzFs6OT7KZ.$K9agmMsZJ.3qnAzwLEeiiMR68N5j0Tq","email":"isip28@ctf.com","type":"user","secret":null,"website":null,"affiliation":null,"country":null,"bracket":null,"hidden":0,"banned":0,"verified":0,"team_id":null,"created":"2021-12-03T10:01:42"},{"id":91,"oauth_id":null,"name":"ISIP29","password":"$bcrypt-sha256$2b,12$Q91ArgCZKNE1EqhS/va86u$ILDg6QgTm/J0TwwIgDHNe7cwFlD.Fo6","email":"isip29@ctf.com","type":"user","secret":null,"website":null,"affiliation":null,"country":null,"bracket":null,"hidden":0,"banned":0,"verified":0,"team_id":null,"created":"2021-12-03T10:02:16"},{"id":92,"oauth_id":null,"name":"ISIP30","password":"$bcrypt-sha256$2b,12$xq7NjkLE5lGE8.W/cDwnku$7OvYwe8YPccPbH7cO5sPIF3ulr130wS","email":"isip30@ctf.com","type":"user","secret":null,"website":null,"affiliation":null,"country":null,"bracket":null,"hidden":0,"banned":0,"verified":0,"team_id":null,"created":"2021-12-03T10:02:46"},{"id":93,"oauth_id":null,"name":"ISIP31","password":"$bcrypt-sha256$2b,12$Xtq7g0B0eZczlMje0gzIVe$lv0QCKwujy.UwZLT7RQiwChrYaGGzwG","email":"isip31@ctf.com","type":"user","secret":null,"website":null,"affiliation":null,"country":null,"bracket":null,"hidden":0,"banned":0,"verified":0,"team_id":null,"created":"2021-12-03T10:03:43"},{"id":94,"oauth_id":null,"name":"ISIP32","password":"$bcrypt-sha256$2b,12$vTdpRfsF1zfUPNvoey9S4u$CFd1Xrslqk.dy03k6sChwtBCiXn9Bo6","email":"isip32@ctf.com","type":"user","secret":null,"website":null,"affiliation":null,"country":null,"bracket":null,"hidden":0,"banned":0,"verified":0,"team_id":null,"created":"2021-12-03T10:04:15"},{"id":95,"oauth_id":null,"name":"ISIP33","password":"$bcrypt-sha256$2b,12$CjARVZwMvoFXJkt1y5Xc9e$tR8E1tfozpEl9WN0clsiYolzUNDdmAu","email":"isip33@ctf.com","type":"user","secret":null,"website":null,"affiliation":null,"country":null,"bracket":null,"hidden":0,"banned":0,"verified":0,"team_id":null,"created":"2021-12-03T10:04:50"},{"id":96,"oauth_id":null,"name":"ISIP34","password":"$bcrypt-sha256$2b,12$wPEk4heFVQc7lWCOk8k0f.$P9PiG7v/73/1BfC/2VwQUTBlkAQbQ2i","email":"isip34@ctf.com","type":"user","secret":null,"website":null,"affiliation":null,"country":null,"bracket":null,"hidden":0,"banned":0,"verified":0,"team_id":null,"created":"2021-12-03T10:09:18"},{"id":97,"oauth_id":null,"name":"ISIP35","password":"$bcrypt-sha256$2b,12$rUGGDX9cVx8JnuieuoHlQ.$uOIRzj3qyYlA4QcpYv..T6lT0e20oKi","email":"isip35@ctf.com","type":"user","secret":null,"website":null,"affiliation":null,"country":null,"bracket":null,"hidden":0,"banned":0,"verified":0,"team_id":null,"created":"2021-12-03T10:09:52"},{"id":98,"oauth_id":null,"name":"ISIP36","password":"$bcrypt-sha256$2b,12$wcOPuMxm6j68PwZGcjpeTu$zzgsMcPI.5v6lVqK2MGqi2/DX35XYKa","email":"isip36@ctf.com","type":"user","secret":null,"website":null,"affiliation":null,"country":null,"bracket":null,"hidden":0,"banned":0,"verified":0,"team_id":null,"created":"2021-12-03T10:10:23"},{"id":99,"oauth_id":null,"name":"ISIP37","password":"$bcrypt-sha256$2b,12$LaNZ0Wsv4NkswDFi62YUGu$dcWxLMg7aSHaBt3UeZTY.48PN8xp14q","email":"isip37@ctf.com","type":"user","secret":null,"website":null,"affiliation":null,"country":null,"bracket":null,"hidden":0,"banned":0,"verified":0,"team_id":null,"created":"2021-12-03T10:10:55"},{"id":100,"oauth_id":null,"name":"ISIP38","password":"$bcrypt-sha256$2b,12$pHDntJgLry2fx4e0OQoNx.$nQEPt4hMf3OYJjBVpUxwP57yCA1HWZe","email":"isip38@ctf.com","type":"user","secret":null,"website":null,"affiliation":null,"country":null,"bracket":null,"hidden":0,"banned":0,"verified":0,"team_id":null,"created":"2021-12-03T10:11:24"},{"id":101,"oauth_id":null,"name":"ISIP39","password":"$bcrypt-sha256$2b,12$a9P42V5y3nabvMa.kBcBdu$w/E56UPXJa1Rwj8K6egoXyoB7YtVKdO","email":"isip39@ctf.com","type":"user","secret":null,"website":null,"affiliation":null,"country":null,"bracket":null,"hidden":0,"banned":0,"verified":0,"team_id":null,"created":"2021-12-03T10:12:15"},{"id":102,"oauth_id":null,"name":"ISIP40","password":"$bcrypt-sha256$2b,12$AP2VvqV2xNYS/cFNFQIsX.$gQR4IO1W4bxeXyeJ.RQH0xxof1iTC4S","email":"isip40@ctf.com","type":"user","secret":null,"website":null,"affiliation":null,"country":null,"bracket":null,"hidden":0,"banned":0,"verified":0,"team_id":null,"created":"2021-12-03T10:14:47"}],"meta":{}}